secretspy6933,d8623155-320f-4c09-a309-99961ae753d7
fiddleworm,9763f232-29d8-48b9-a2b0-8eba73033778
seonbwii,16996eab-a965-4cbe-8689-c3dd44f0f7cd
thefinalduality,8895c3c2-5c10-484e-bcf2-cacf971cecef
wolfcat01,b0a3ad29-e68c-49f5-9664-b8009394fb68
zoreon_zen,55d6be4f-c79b-450d-8a83-e1a955410617
gamergabriel,1f5a8782-79f2-4314-bd16-17fc3b084490
_pengu__,6440d46c-1bc3-4305-9819-d9da36699ce8
zyfur,e85270fe-1e82-4bdc-aed0-1c541f572159
stranqe_people,6ca8c783-727d-4222-a75e-ad36c0a22996
herobrain_gamer,c8d6aeb2-caa6-4381-8815-330fe2677c98
epicgamer200569,bf622a6b-8c70-4f43-81e0-d6db44c60f73
jamacias19,a903d356-9d5a-4ba1-94e3-acf0967d70e7
kwulf1668,e9bbcd09-ea2f-4055-b39d-5f5dd0d06259
masterzent,cda05d88-8138-4f9a-b94f-72ff937b6560
shnozgoblin,164917c2-9e5d-4d59-836c-30f7796b7fe0
xqcl,9c5d9dc3-4ed5-443f-be7f-b981d256bf63
willongnose,ae50d7cd-f820-4bbe-8d48-fdbb3ab131eb
eggyladd,8d87c4e6-7a31-4d2c-b07e-11ed8c4ed870
dmanpl,7205f4fb-6cab-4b5e-b2f6-c8d1fcff40c6
minecarftepic,bf622a6b-8c70-4f43-81e0-d6db44c60f73
annyongb,91983e64-aca1-4cc9-a0fb-fdfbdee94513
thatotherpeep,627e9ff0-6889-41fc-9e1f-1b8918b54356
foughtful,6831f270-5816-490d-a21e-fc59a6504bb3
diamond_miner245,c0fa0d9c-9979-4f63-a51e-1fda853489cb
bear_mohawk,59f11d94-5609-4baa-8eb4-08238f3167c6
midna_87,e157ae19-db7d-4600-aeea-b2220b60ffa3
awoah,21f226ee-52b1-4117-9a57-ef2047bc3da6
chroifala,257d3052-560a-4f97-8265-b24bb07855f0
butterminer200,802383cc-cb04-40ea-9587-4fec91de2133
georgewbush1946,23cc19ab-6b90-4139-8f7a-7e76d5cb3267
thetrueduality,8895c3c2-5c10-484e-bcf2-cacf971cecef
typicaldude,5a631d3a-c62e-40ff-a957-fd69ace60f40
nave1803,6ac9c15f-6c31-473e-b14a-c7d48d0ea12f
crustybird,3ea62c30-e9a7-4baa-80af-924a497cb37d
muttonbuster8,b98b4bbe-7f5d-42b9-b9e0-4bc6afb5f6ec
_macspy_,ed31a83a-1855-4a9b-92d2-eaff7f700230
kigmd,eaa978a0-b9d9-4eb0-8323-dff468677a96
7r1,645941ad-3d0f-42b7-b8d7-f640aaec2936
lukethememegod,1233064a-3f2c-4ba0-8326-69aec5f039c3
skstarbreaker,729b7d68-e3b8-429a-90f6-ccf67fb9b6a8
2_ligit_2_quit,164917c2-9e5d-4d59-836c-30f7796b7fe0
infernostrike53,f367c16c-aa99-406f-879c-92712cd0c646
katiebear88,5cc9b9c3-3983-4f86-930c-31e67977a4eb
zackman1291,f9fd52a3-18aa-4551-8cda-8b1c76aa44fe
